Strategy,Total Trades,Winning Trades,Losing Trades,Win Rate,Avg Win,Avg Loss,Avg R:R,Total P&L,Profit Factor,Best Month,Best Trade,Worst Month,Worst Trade,Notes
Bollinger Band Reversal,,,,,,,,,,,,,, 
RSI Divergence,,,,,,,,,,,,,, 
VWAP Reversion,,,,,,,,,,,,,, 
Volume Breakout,,,,,,,,,,,,,, 
Volatility Squeeze,,,,,,,,,,,,,, 
52-Week High Breakout,,,,,,,,,,,,,, 
Sector Rotation,,,,,,,,,,,,,, 
Pair Trading,,,,,,,,,,,,,, 
Covered Call,,,,,,,,,,,,,, 
Cash-Secured Put,,,,,,,,,,,,,, 
Wheel Strategy,,,,,,,,,,,,,, 
Earnings Momentum,,,,,,,,,,,,,, 
Block Deal Following,,,,,,,,,,,,,, 
Harmonic Patterns,,,,,,,,,,,,,, 
Ichimoku Cloud,,,,,,,,,,,,,, 
Renko,,,,,,,,,,,,,, 
Other,,,,,,,,,,,,,,

